090-Paula-Profesor-Paula-paula
001-Manolo-Administrador-Admin-manolo
002-Pepe-Profesor-Pepe-pepe
016-Pilar Menendes-Profesor-Pili-pilar
015-Manuel Ruiz-Profesor-Manu-manuel
005-Jesus-Administrador-Jes-jesus
123-Francisco J-Profesor-fran-fran
543-Juan de la Cruz-Profesor-juan-profesor
234-Elias Gomez-Profesor-elias-profesor
765-Francisco J-Profesor-franc-profesor
056-Jesus-Profesor-Jesus-soyyo